[{"model": "admin.logentry", "pk": 86, "fields": {"action_time": "2023-06-18T13:43:45.651Z", "user": 4, "content_type": 4, "object_id": "2", "object_repr": "clp1991v", "action_flag": 3, "change_message": ""}}, {"model": "admin.logentry", "pk": 87, "fields": {"action_time": "2023-06-18T13:43:56.560Z", "user": 4, "content_type": 4, "object_id": "1", "object_repr": "clp1991iv", "action_flag": 3, "change_message": ""}}, {"model": "admin.logentry", "pk": 88, "fields": {"action_time": "2023-06-18T13:44:13.203Z", "user": 4, "content_type": 8, "object_id": "3", "object_repr": "chrislplumb91@hotmail.com", "action_flag": 2, "change_message": "[{\"changed\": {\"fields\": [\"E-mail address\", \"Verified\"]}}]"}}, {"model": "admin.logentry", "pk": 89, "fields": {"action_time": "2023-06-18T13:44:23.509Z", "user": 4, "content_type": 4, "object_id": "4", "object_repr": "clp1991super", "action_flag": 2, "change_message": "[{\"changed\": {\"fields\": [\"Email address\"]}}]"}}, {"model": "admin.logentry", "pk": 90, "fields": {"action_time": "2023-06-18T14:15:02.057Z", "user": 4, "content_type": 8, "object_id": "3", "object_repr": "chrislplumb91@hotmail.com", "action_flag": 2, "change_message": "[{\"changed\": {\"fields\": [\"User\"]}}]"}}, {"model": "admin.logentry", "pk": 91, "fields": {"action_time": "2023-06-18T14:15:13.931Z", "user": 4, "content_type": 4, "object_id": "3", "object_repr": "clp1991", "action_flag": 3, "change_message": ""}}, {"model": "admin.logentry", "pk": 92, "fields": {"action_time": "2023-06-18T14:30:01.257Z", "user": 4, "content_type": 8, "object_id": "4", "object_repr": "test@example.com", "action_flag": 2, "change_message": "[{\"changed\": {\"fields\": [\"Verified\"]}}]"}}, {"model": "admin.logentry", "pk": 93, "fields": {"action_time": "2023-06-18T20:34:28.079Z", "user": 4, "content_type": 14, "object_id": "12", "object_repr": "Garlic bread", "action_flag": 2, "change_message": "[{\"changed\": {\"fields\": [\"Description\"]}}]"}}, {"model": "admin.logentry", "pk": 94, "fields": {"action_time": "2023-06-18T20:42:57.609Z", "user": 4, "content_type": 14, "object_id": "13", "object_repr": "Garlic pizza bread", "action_flag": 2, "change_message": "[{\"changed\": {\"fields\": [\"Description\"]}}]"}}, {"model": "admin.logentry", "pk": 95, "fields": {"action_time": "2023-06-18T20:56:27.481Z", "user": 4, "content_type": 14, "object_id": "14", "object_repr": "Garlic pizza dough balls", "action_flag": 2, "change_message": "[{\"changed\": {\"fields\": [\"Description\"]}}]"}}, {"model": "admin.logentry", "pk": 96, "fields": {"action_time": "2023-06-18T20:56:56.675Z", "user": 4, "content_type": 14, "object_id": "14", "object_repr": "Garlic pizza dough balls", "action_flag": 2, "change_message": "[{\"changed\": {\"fields\": [\"Description\"]}}]"}}, {"model": "admin.logentry", "pk": 97, "fields": {"action_time": "2023-06-18T21:08:42.479Z", "user": 4, "content_type": 14, "object_id": "11", "object_repr": "Caprese salad", "action_flag": 2, "change_message": "[{\"changed\": {\"fields\": [\"Description\"]}}]"}}, {"model": "admin.logentry", "pk": 98, "fields": {"action_time": "2023-06-18T21:32:14.344Z", "user": 4, "content_type": 14, "object_id": "11", "object_repr": "Caprese salad", "action_flag": 2, "change_message": "[{\"changed\": {\"fields\": [\"Description\"]}}]"}}, {"model": "admin.logentry", "pk": 99, "fields": {"action_time": "2023-06-18T22:00:29.132Z", "user": 4, "content_type": 14, "object_id": "10", "object_repr": "Calzone", "action_flag": 2, "change_message": "[{\"changed\": {\"fields\": [\"Description\"]}}]"}}, {"model": "admin.logentry", "pk": 100, "fields": {"action_time": "2023-06-18T22:32:01.989Z", "user": 4, "content_type": 14, "object_id": "15", "object_repr": "Margherita al taglio", "action_flag": 2, "change_message": "[{\"changed\": {\"fields\": [\"Description\"]}}]"}}, {"model": "admin.logentry", "pk": 101, "fields": {"action_time": "2023-06-18T22:49:33.566Z", "user": 4, "content_type": 14, "object_id": "9", "object_repr": "Bruschetta", "action_flag": 2, "change_message": "[{\"changed\": {\"fields\": [\"Description\"]}}]"}}, {"model": "auth.permission", "pk": 1, "fields": {"name": "Can add log entry", "content_type": 1, "codename": "add_logentry"}}, {"model": "auth.permission", "pk": 2, "fields": {"name": "Can change log entry", "content_type": 1, "codename": "change_logentry"}}, {"model": "auth.permission", "pk": 3, "fields": {"name": "Can delete log entry", "content_type": 1, "codename": "delete_logentry"}}, {"model": "auth.permission", "pk": 4, "fields": {"name": "Can view log entry", "content_type": 1, "codename": "view_logentry"}}, {"model": "auth.permission", "pk": 5, "fields": {"name": "Can add permission", "content_type": 2, "codename": "add_permission"}}, {"model": "auth.permission", "pk": 6, "fields": {"name": "Can change permission", "content_type": 2, "codename": "change_permission"}}, {"model": "auth.permission", "pk": 7, "fields": {"name": "Can delete permission", "content_type": 2, "codename": "delete_permission"}}, {"model": "auth.permission", "pk": 8, "fields": {"name": "Can view permission", "content_type": 2, "codename": "view_permission"}}, {"model": "auth.permission", "pk": 9, "fields": {"name": "Can add group", "content_type": 3, "codename": "add_group"}}, {"model": "auth.permission", "pk": 10, "fields": {"name": "Can change group", "content_type": 3, "codename": "change_group"}}, {"model": "auth.permission", "pk": 11, "fields": {"name": "Can delete group", "content_type": 3, "codename": "delete_group"}}, {"model": "auth.permission", "pk": 12, "fields": {"name": "Can view group", "content_type": 3, "codename": "view_group"}}, {"model": "auth.permission", "pk": 13, "fields": {"name": "Can add user", "content_type": 4, "codename": "add_user"}}, {"model": "auth.permission", "pk": 14, "fields": {"name": "Can change user", "content_type": 4, "codename": "change_user"}}, {"model": "auth.permission", "pk": 15, "fields": {"name": "Can delete user", "content_type": 4, "codename": "delete_user"}}, {"model": "auth.permission", "pk": 16, "fields": {"name": "Can view user", "content_type": 4, "codename": "view_user"}}, {"model": "auth.permission", "pk": 17, "fields": {"name": "Can add content type", "content_type": 5, "codename": "add_contenttype"}}, {"model": "auth.permission", "pk": 18, "fields": {"name": "Can change content type", "content_type": 5, "codename": "change_contenttype"}}, {"model": "auth.permission", "pk": 19, "fields": {"name": "Can delete content type", "content_type": 5, "codename": "delete_contenttype"}}, {"model": "auth.permission", "pk": 20, "fields": {"name": "Can view content type", "content_type": 5, "codename": "view_contenttype"}}, {"model": "auth.permission", "pk": 21, "fields": {"name": "Can add session", "content_type": 6, "codename": "add_session"}}, {"model": "auth.permission", "pk": 22, "fields": {"name": "Can change session", "content_type": 6, "codename": "change_session"}}, {"model": "auth.permission", "pk": 23, "fields": {"name": "Can delete session", "content_type": 6, "codename": "delete_session"}}, {"model": "auth.permission", "pk": 24, "fields": {"name": "Can view session", "content_type": 6, "codename": "view_session"}}, {"model": "auth.permission", "pk": 25, "fields": {"name": "Can add site", "content_type": 7, "codename": "add_site"}}, {"model": "auth.permission", "pk": 26, "fields": {"name": "Can change site", "content_type": 7, "codename": "change_site"}}, {"model": "auth.permission", "pk": 27, "fields": {"name": "Can delete site", "content_type": 7, "codename": "delete_site"}}, {"model": "auth.permission", "pk": 28, "fields": {"name": "Can view site", "content_type": 7, "codename": "view_site"}}, {"model": "auth.permission", "pk": 29, "fields": {"name": "Can add email address", "content_type": 8, "codename": "add_emailaddress"}}, {"model": "auth.permission", "pk": 30, "fields": {"name": "Can change email address", "content_type": 8, "codename": "change_emailaddress"}}, {"model": "auth.permission", "pk": 31, "fields": {"name": "Can delete email address", "content_type": 8, "codename": "delete_emailaddress"}}, {"model": "auth.permission", "pk": 32, "fields": {"name": "Can view email address", "content_type": 8, "codename": "view_emailaddress"}}, {"model": "auth.permission", "pk": 33, "fields": {"name": "Can add email confirmation", "content_type": 9, "codename": "add_emailconfirmation"}}, {"model": "auth.permission", "pk": 34, "fields": {"name": "Can change email confirmation", "content_type": 9, "codename": "change_emailconfirmation"}}, {"model": "auth.permission", "pk": 35, "fields": {"name": "Can delete email confirmation", "content_type": 9, "codename": "delete_emailconfirmation"}}, {"model": "auth.permission", "pk": 36, "fields": {"name": "Can view email confirmation", "content_type": 9, "codename": "view_emailconfirmation"}}, {"model": "auth.permission", "pk": 37, "fields": {"name": "Can add social account", "content_type": 10, "codename": "add_socialaccount"}}, {"model": "auth.permission", "pk": 38, "fields": {"name": "Can change social account", "content_type": 10, "codename": "change_socialaccount"}}, {"model": "auth.permission", "pk": 39, "fields": {"name": "Can delete social account", "content_type": 10, "codename": "delete_socialaccount"}}, {"model": "auth.permission", "pk": 40, "fields": {"name": "Can view social account", "content_type": 10, "codename": "view_socialaccount"}}, {"model": "auth.permission", "pk": 41, "fields": {"name": "Can add social application", "content_type": 11, "codename": "add_socialapp"}}, {"model": "auth.permission", "pk": 42, "fields": {"name": "Can change social application", "content_type": 11, "codename": "change_socialapp"}}, {"model": "auth.permission", "pk": 43, "fields": {"name": "Can delete social application", "content_type": 11, "codename": "delete_socialapp"}}, {"model": "auth.permission", "pk": 44, "fields": {"name": "Can view social application", "content_type": 11, "codename": "view_socialapp"}}, {"model": "auth.permission", "pk": 45, "fields": {"name": "Can add social application token", "content_type": 12, "codename": "add_socialtoken"}}, {"model": "auth.permission", "pk": 46, "fields": {"name": "Can change social application token", "content_type": 12, "codename": "change_socialtoken"}}, {"model": "auth.permission", "pk": 47, "fields": {"name": "Can delete social application token", "content_type": 12, "codename": "delete_socialtoken"}}, {"model": "auth.permission", "pk": 48, "fields": {"name": "Can view social application token", "content_type": 12, "codename": "view_socialtoken"}}, {"model": "auth.permission", "pk": 49, "fields": {"name": "Can add category", "content_type": 13, "codename": "add_category"}}, {"model": "auth.permission", "pk": 50, "fields": {"name": "Can change category", "content_type": 13, "codename": "change_category"}}, {"model": "auth.permission", "pk": 51, "fields": {"name": "Can delete category", "content_type": 13, "codename": "delete_category"}}, {"model": "auth.permission", "pk": 52, "fields": {"name": "Can view category", "content_type": 13, "codename": "view_category"}}, {"model": "auth.permission", "pk": 53, "fields": {"name": "Can add menu item", "content_type": 14, "codename": "add_menuitem"}}, {"model": "auth.permission", "pk": 54, "fields": {"name": "Can change menu item", "content_type": 14, "codename": "change_menuitem"}}, {"model": "auth.permission", "pk": 55, "fields": {"name": "Can delete menu item", "content_type": 14, "codename": "delete_menuitem"}}, {"model": "auth.permission", "pk": 56, "fields": {"name": "Can view menu item", "content_type": 14, "codename": "view_menuitem"}}, {"model": "auth.permission", "pk": 57, "fields": {"name": "Can add order", "content_type": 15, "codename": "add_order"}}, {"model": "auth.permission", "pk": 58, "fields": {"name": "Can change order", "content_type": 15, "codename": "change_order"}}, {"model": "auth.permission", "pk": 59, "fields": {"name": "Can delete order", "content_type": 15, "codename": "delete_order"}}, {"model": "auth.permission", "pk": 60, "fields": {"name": "Can view order", "content_type": 15, "codename": "view_order"}}, {"model": "auth.permission", "pk": 61, "fields": {"name": "Can add order line item", "content_type": 16, "codename": "add_orderlineitem"}}, {"model": "auth.permission", "pk": 62, "fields": {"name": "Can change order line item", "content_type": 16, "codename": "change_orderlineitem"}}, {"model": "auth.permission", "pk": 63, "fields": {"name": "Can delete order line item", "content_type": 16, "codename": "delete_orderlineitem"}}, {"model": "auth.permission", "pk": 64, "fields": {"name": "Can view order line item", "content_type": 16, "codename": "view_orderlineitem"}}, {"model": "auth.permission", "pk": 65, "fields": {"name": "Can add user profile", "content_type": 17, "codename": "add_userprofile"}}, {"model": "auth.permission", "pk": 66, "fields": {"name": "Can change user profile", "content_type": 17, "codename": "change_userprofile"}}, {"model": "auth.permission", "pk": 67, "fields": {"name": "Can delete user profile", "content_type": 17, "codename": "delete_userprofile"}}, {"model": "auth.permission", "pk": 68, "fields": {"name": "Can view user profile", "content_type": 17, "codename": "view_userprofile"}}, {"model": "auth.permission", "pk": 69, "fields": {"name": "Can add review", "content_type": 18, "codename": "add_review"}}, {"model": "auth.permission", "pk": 70, "fields": {"name": "Can change review", "content_type": 18, "codename": "change_review"}}, {"model": "auth.permission", "pk": 71, "fields": {"name": "Can delete review", "content_type": 18, "codename": "delete_review"}}, {"model": "auth.permission", "pk": 72, "fields": {"name": "Can view review", "content_type": 18, "codename": "view_review"}}, {"model": "auth.permission", "pk": 73, "fields": {"name": "Can add customer message", "content_type": 19, "codename": "add_customermessage"}}, {"model": "auth.permission", "pk": 74, "fields": {"name": "Can change customer message", "content_type": 19, "codename": "change_customermessage"}}, {"model": "auth.permission", "pk": 75, "fields": {"name": "Can delete customer message", "content_type": 19, "codename": "delete_customermessage"}}, {"model": "auth.permission", "pk": 76, "fields": {"name": "Can view customer message", "content_type": 19, "codename": "view_customermessage"}}, {"model": "auth.user", "pk": 4, "fields": {"password": "pbkdf2_sha256$600000$bXyPRfAsBX0nAXKQaLJHxz$vQrLx7qAjpveE0sgHtBr6b/gxITDVO0FHBd7eUpG/hk=", "last_login": "2023-06-22T19:14:55.349Z", "is_superuser": true, "username": "clp1991super", "first_name": "", "last_name": "", "email": "chrislplumb91@hotmail.com", "is_staff": true, "is_active": true, "date_joined": "2023-06-18T13:39:24Z", "groups": [], "user_permissions": []}}, {"model": "auth.user", "pk": 5, "fields": {"password": "pbkdf2_sha256$600000$lapilmmBdGqzAF7JzNsEPv$jSFEh5+WBV8/wWthWzsneWHAIVWV3K0Fhwy3vO4WrRU=", "last_login": "2023-06-19T00:16:31.880Z", "is_superuser": false, "username": "test_user", "first_name": "", "last_name": "", "email": "test@example.com", "is_staff": false, "is_active": true, "date_joined": "2023-06-18T14:28:50.650Z", "groups": [], "user_permissions": []}}, {"model": "auth.user", "pk": 6, "fields": {"password": "pbkdf2_sha256$600000$fjS91PUUqq5p1ZYRXNajXf$JuUzfqZeEiZ4aMNVxIin7rAdY6Lfgs08PQ32GvL2dLk=", "last_login": null, "is_superuser": false, "username": "test_user_2", "first_name": "", "last_name": "", "email": "example@test.com", "is_staff": false, "is_active": true, "date_joined": "2023-06-18T15:46:51.388Z", "groups": [], "user_permissions": []}}, {"model": "auth.user", "pk": 7, "fields": {"password": "pbkdf2_sha256$600000$KENyISqt5sSoIqQHs2BGAg$VI0QGTiWGvf5zjO53wfO/T+tkARR2t8MdOPi+wxmH7s=", "last_login": null, "is_superuser": false, "username": "test_user3", "first_name": "", "last_name": "", "email": "test2@test.com", "is_staff": false, "is_active": true, "date_joined": "2023-06-19T18:51:30.369Z", "groups": [], "user_permissions": []}}, {"model": "auth.user", "pk": 8, "fields": {"password": "pbkdf2_sha256$600000$8fHPMizSD8aEuuQntuQoOw$3UmLIJXvX73piMv0JfOmchxhRxRCGszvzJNcDB84xbg=", "last_login": null, "is_superuser": false, "username": "test_user4", "first_name": "", "last_name": "", "email": "test3@example.test", "is_staff": false, "is_active": true, "date_joined": "2023-06-19T23:15:21.640Z", "groups": [], "user_permissions": []}}, {"model": "auth.user", "pk": 9, "fields": {"password": "pbkdf2_sha256$600000$zijSnA8XfsKGrce8mD9mXj$WCUn4nxXALM5mId05zDsG2qADY8T2XwVO18AS6B/TZY=", "last_login": null, "is_superuser": false, "username": "test_user6", "first_name": "", "last_name": "", "email": "test@testing.test", "is_staff": false, "is_active": true, "date_joined": "2023-06-21T20:11:14.857Z", "groups": [], "user_permissions": []}}, {"model": "contenttypes.contenttype", "pk": 1, "fields": {"app_label": "admin", "model": "logentry"}}, {"model": "contenttypes.contenttype", "pk": 2, "fields": {"app_label": "auth", "model": "permission"}}, {"model": "contenttypes.contenttype", "pk": 3, "fields": {"app_label": "auth", "model": "group"}}, {"model": "contenttypes.contenttype", "pk": 4, "fields": {"app_label": "auth", "model": "user"}}, {"model": "contenttypes.contenttype", "pk": 5, "fields": {"app_label": "contenttypes", "model": "contenttype"}}, {"model": "contenttypes.contenttype", "pk": 6, "fields": {"app_label": "sessions", "model": "session"}}, {"model": "contenttypes.contenttype", "pk": 7, "fields": {"app_label": "sites", "model": "site"}}, {"model": "contenttypes.contenttype", "pk": 8, "fields": {"app_label": "account", "model": "emailaddress"}}, {"model": "contenttypes.contenttype", "pk": 9, "fields": {"app_label": "account", "model": "emailconfirmation"}}, {"model": "contenttypes.contenttype", "pk": 10, "fields": {"app_label": "socialaccount", "model": "socialaccount"}}, {"model": "contenttypes.contenttype", "pk": 11, "fields": {"app_label": "socialaccount", "model": "socialapp"}}, {"model": "contenttypes.contenttype", "pk": 12, "fields": {"app_label": "socialaccount", "model": "socialtoken"}}, {"model": "contenttypes.contenttype", "pk": 13, "fields": {"app_label": "menu", "model": "category"}}, {"model": "contenttypes.contenttype", "pk": 14, "fields": {"app_label": "menu", "model": "menuitem"}}, {"model": "contenttypes.contenttype", "pk": 15, "fields": {"app_label": "checkout", "model": "order"}}, {"model": "contenttypes.contenttype", "pk": 16, "fields": {"app_label": "checkout", "model": "orderlineitem"}}, {"model": "contenttypes.contenttype", "pk": 17, "fields": {"app_label": "profiles", "model": "userprofile"}}, {"model": "contenttypes.contenttype", "pk": 18, "fields": {"app_label": "menu", "model": "review"}}, {"model": "contenttypes.contenttype", "pk": 19, "fields": {"app_label": "home", "model": "customermessage"}}, {"model": "sessions.session", "pk": "0n33xdreiy8zdk0xq5m2eyhfva949gi7", "fields": {"session_data": ".eJxVjU0OgjAUhO_StSGlPJCy04s0r-00NJJiaEk0xrsLhoUu5--blzC8ltGsGYuJXgyCxOnXs-xuSHvA07TbFTs3r6lU384R5-qyKaQSHZc4p-ux-kONnMeNo87oKcACNTSk7ZxWTjF5HxRRh9aTlm3TahtkzRR8Ay1BjD5YFaTdoRk5bzcGj3tcnmKQ7w_46USn:1qB3vF:XCaBvvFXcm5nR8HZTSLQzbAgEVdOJ0h5iK2ypP89n1Q", "expire_date": "2023-07-03T01:43:13.239Z"}}, {"model": "sessions.session", "pk": "11vknx7qka3f0de68pe7kll6xk8b1co8", "fields": {"session_data": "e30:1qAF2g:ZH0idez_O6fkyd_4YxymSjTWeWq-geoY4a_nj2HhZ-w", "expire_date": "2023-06-30T19:23:30.001Z"}}, {"model": "sessions.session", "pk": "1hdji8ph6d4x861s5urv02dsvcdlpmqd", "fields": {"session_data": ".eJxVjUGOgzAMAP_iM0JJCTTltv1I5DiOiDYbViSpdlX17wWEKnH0jD1-AhLNNRXz4CX4wM7wD4YIY6oxNh9bMy8wgoYGDNYy7cAEtzJ1Zhbpm9MmMMYNt0ej3XcOnduvdeJUAmEJc7ofV6fUhHlaO6wQrfBXcrIj16mbsFbZbuALCe1Qouq90L4XHgU5ry0OLIdrJ-WtlxdNWzRzzusbw3-_YfmHUTSQ8cEmJD_DWJbKrzd-Q1vf:1qBOCJ:_RF3dPdN1mLLBoqP5OgYwNwdQRaL55Bib3hCiVQR9oE", "expire_date": "2023-07-03T23:22:11.340Z"}}, {"model": "sessions.session", "pk": "2wyfz6bja0worfy59cvykmjotadcoc8x", "fields": {"session_data": ".eJxVjMsOgjAQRf-la9MMfUBh6d5vaIbOIFXTmhYSjfHflYSFbu8597yEx3WZ_Vq5-EhiEEocfrcRw5XTBuiC6ZxlyGkpcZSbInda5SkT3467-xeYsc7fdwAwGjpHSLrpmcF2fUtKBYMG-0YFB5qUtcboFtAxqNAAT4GMsg6mbotWrjXm5Plxj-UpBnh_AFbXPjU:1q9sZx:CATXHLKny5o0esAQsrbeTw2TsPy927kTfxFZoKNcb2I", "expire_date": "2023-06-29T19:24:21.206Z"}}, {"model": "sessions.session", "pk": "5mxvx5yumufref61opx2yob2rn9bf1aa", "fields": {"session_data": "e30:1qAF3F:kjiiRMwzo7mtR-6PMKnVNha70kNFmhQEgf9q9q8jx3o", "expire_date": "2023-06-30T19:24:05.276Z"}}, {"model": "sessions.session", "pk": "798jcyf3a9z6ov5yxfu8dpoeg7tibfx8", "fields": {"session_data": "e30:1qAF2K:55jNs5QkdMH87H63CUv91ZqrU26RUrd_1NgW5LWIWRk", "expire_date": "2023-06-30T19:23:08.619Z"}}, {"model": "sessions.session", "pk": "ge1p294molg3yvafgqp6c6w7ucujqt7c", "fields": {"session_data": "e30:1qAsWE:DZgC96L_N-G_AZhCFmvtKa9ciTkNzmuo_M8x4xsBEPw", "expire_date": "2023-07-02T13:32:38.687Z"}}, {"model": "sessions.session", "pk": "ib6cvz6v11vrrok84a0v8v83ha7u61i1", "fields": {"session_data": ".eJxVjEEOgyAQRe_C2pARQdFl9z0DGYex2jaQAHZjvHs1cdFu_3v_bcLhWma3Zk5u8WIQSlS_24j04nAC_8TwiJJiKGkZ5anIi2Z5j57ft8v9C8yY5-NNALqBznr0Td0zg-n61itFGjX2tSILjVfGaN20gJZBUQ08kdfKWJi6I5rxw24JUxRDSStXgjAVMWz7_gUMF0Bo:1q9Drp:nhy7ttDf6q2RblyDHNjzIewUQCKcd98CbKuT-LLbK_0", "expire_date": "2023-06-27T23:56:05.969Z"}}, {"model": "sessions.session", "pk": "iy69rwqejsj0wc5phyt1c3n9b5gymukp", "fields": {"session_data": ".eJxVjUsOwiAURffCuGmgQIHOdCPkAY-UaKgpYDTGvduaDnR4f-e-iIVWZ9sKrjYFMhFBul_Pgb9g3gO4Xne7B--Xlmv_7Rxx6U-bwlyTh5qWfD5Wf6gZyrxxBqOMk4o6LXVgQSJwZN4EqTnlQimjlBjVOPCBx4GFyORIISIzGJgRTu_QgqVsNxYft7Q-yUQ7UuCONuW4kKmuDd8fGpBIpQ:1qCPpN:MMJHofavdp_fswm66eyCM0fiX2aAl5Vd3lWagvv4TR4", "expire_date": "2023-07-06T19:18:45.488Z"}}, {"model": "sessions.session", "pk": "og32nsypzqxme5jv13kulg86jj9tgotc", "fields": {"session_data": "e30:1qAF3Q:ew2LbhT235zTUxLVWeEr9byd8n3qyFz-DvscqwgFa4w", "expire_date": "2023-06-30T19:24:16.574Z"}}, {"model": "sessions.session", "pk": "orfmua5uismc447d27f2emzfrl57ytln", "fields": {"session_data": ".eJxVjEEOgjAQRe_SNWmG0kJh6d4zNENnkKppTQtGY7y7krDQ7X_vv5dwuC6zWwtnF0gMQonqdxvRXzhugM4YT0n6FJccRrkpcqdFHhPx9bC7f4EZy_x9ewDdQGcJqal7ZjBd35JSXqPGvlbeQkPKGK2bFtAyKF8DT560MhambosWLiWk6PhxC_kpBqhEwTu7EKckhiWv_P4AqulEWQ:1q9yDg:acc1R-BOpvNMP3y_-oL8QvFyQAdcsUUrriCUsFEdPcc", "expire_date": "2023-06-30T01:25:44.527Z"}}, {"model": "sessions.session", "pk": "pn4n05auj4d0mh4u0i5skuj4mpvnm8tr", "fields": {"session_data": ".eJxVjUEOgyAQRe8ya2MAQcRdexEywhBJDTaCSRvj3auNi3b53595fwOLaxntmmmx0UMPEqpfNqB7UDoLnKYT1-jcvKZSf2-uOte3I1Eq0WGJc7pfX3-qEfN4eAYmfduS0kF4LzQ2ndRemiCEOigp3qBiggfNuHZkWuM7bUzXMBVI8oCnNFPOx4yl1zMub-hZBQ6XAv0GnEPf7vsH6zZHQg:1qBm7n:3DcWMo2Xsy1-HRq-Ofqr1xHf8YeSGp60T98pu9DtMfk", "expire_date": "2023-07-05T00:55:07.038Z"}}, {"model": "sessions.session", "pk": "rozet1f11g06w1xmm0dw0w0xihvrvosv", "fields": {"session_data": "e30:1qAsYP:PypL2mC1no_phFsGu6hxPltE1n9Uy3c8HPIaR3PSK1A", "expire_date": "2023-07-02T13:34:53.119Z"}}, {"model": "sessions.session", "pk": "wsnsyivcso57026h5cx8zg11zflg9ylo", "fields": {"session_data": "e30:1qAsXt:7CxOEQghyq-GuT_VostfqwzM-JE5y-T8NQrT5ypeqy8", "expire_date": "2023-07-02T13:34:21.021Z"}}, {"model": "sites.site", "pk": 1, "fields": {"domain": "example.com", "name": "example.com"}}, {"model": "account.emailaddress", "pk": 3, "fields": {"user": 4, "email": "chrislplumb91@hotmail.com", "verified": true, "primary": true}}, {"model": "account.emailaddress", "pk": 4, "fields": {"user": 5, "email": "test@example.com", "verified": true, "primary": true}}, {"model": "account.emailaddress", "pk": 5, "fields": {"user": 6, "email": "example@test.com", "verified": false, "primary": true}}, {"model": "account.emailaddress", "pk": 6, "fields": {"user": 7, "email": "test2@test.com", "verified": true, "primary": true}}, {"model": "account.emailaddress", "pk": 7, "fields": {"user": 8, "email": "test3@example.test", "verified": true, "primary": true}}, {"model": "account.emailaddress", "pk": 8, "fields": {"user": 9, "email": "test@testing.test", "verified": true, "primary": true}}, {"model": "home.customermessage", "pk": 46, "fields": {"customer": 4, "reason": 3, "user_msg": "Vegans are idiots, and become even worse idiots by starving their brains of vital nutrients only found in animal foods. If you want to starve yourselves, be my guest, but don't drag others down with you.", "created_on": "2023-06-18T13:50:07.350Z"}}, {"model": "home.customermessage", "pk": 47, "fields": {"customer": 4, "reason": 1, "user_msg": "Best pizza place in Dublin City, hands down. Just wanted to express my appreciation!", "created_on": "2023-06-18T13:50:21.181Z"}}, {"model": "home.customermessage", "pk": 48, "fields": {"customer": 4, "reason": 3, "user_msg": "Stop promoting this emasculating diet!!", "created_on": "2023-06-18T13:50:28.469Z"}}, {"model": "home.customermessage", "pk": 49, "fields": {"customer": 4, "reason": 2, "user_msg": "Any long-term plans to open up restaurants in other major cities? I had your pizza during a trip to Dublin recently, and I was blown away. I'd love to have that right outside my doorstep in Galway City.", "created_on": "2023-06-18T13:50:40.387Z"}}, {"model": "home.customermessage", "pk": 50, "fields": {"customer": 4, "reason": 4, "user_msg": "Stupid vegans...", "created_on": "2023-06-18T13:50:50.906Z"}}, {"model": "home.customermessage", "pk": 51, "fields": {"customer": 4, "reason": 4, "user_msg": "Vegan bad. Ug ug.", "created_on": "2023-06-18T13:50:56.872Z"}}, {"model": "home.customermessage", "pk": 52, "fields": {"customer": 4, "reason": 1, "user_msg": "Just wanted to say: keep up the good work! Yours is the most delicious vegan pizza I've ever had - better than any non-vegan pizza I've had, too. Believe it or not, I've been having recurring dreams about eating it! I don't think that's ever happened to me with any other food before! -C", "created_on": "2023-06-18T13:51:09.629Z"}}, {"model": "home.customermessage", "pk": 53, "fields": {"customer": 4, "reason": 4, "user_msg": "I'm having some technical difficulties with the site. Just thought I'd let you know. The shopping cart looks really weird on my phone.", "created_on": "2023-06-18T18:24:54.194Z"}}, {"model": "menu.category", "pk": 1, "fields": {"name": "pizzas", "friendly_name": "Pizzas"}}, {"model": "menu.category", "pk": 2, "fields": {"name": "sides", "friendly_name": "Sides"}}, {"model": "menu.menuitem", "pk": 1, "fields": {"category": 1, "name": "Melanzane", "description": "You know that purple vegetable emoji that everyone uses to make rude jokes on the internet? It's called an aubergine (or an eggplant if you're an American). The italian word for this vegetable is \"melanzana\", with \"melanzane\" being the plural form. Our supplier brings us crates full of juicy melanzane every couple of days. We slice them up and put the juicy slices on our pizzas.", "ingredients": "Aubergine, cherry tomatoes, dry basil, oregano", "calories": "223kcal, 933kJ", "has_sizes": true, "price": "10.00", "image_url": "https://imgur.com/XRIxSw5", "image": "melanzane_-_Copy_SvqK0hm.png", "full_image_url": "https://imgur.com/HEhGPUl", "full_image": "melanzane-full_QvZqOBa.png"}}, {"model": "menu.menuitem", "pk": 2, "fields": {"category": 1, "name": "Diavola", "description": "The word \"diavola\", as you probably guessed, translates to \"devil\". However, this does not, as far as we can tell, refer to THE devil, so don't expect this pizza to be bowels-of-hell hot. On the other hand, spice novices should expect to feel as though hell is in THEIR bowels should they digest just a single bite of it.", "ingredients": "Vegan pepperoni, jalapenos, chilli oil", "calories": "261kcal, 1092kJ", "has_sizes": true, "price": "10.00", "image_url": "https://i.imgur.com/gbTK7ow.jpg", "image": "diavola_-_Copy_uLHA4AV.jpg", "full_image_url": "https://i.imgur.com/lOpJPU7.jpg", "full_image": "diavola-full_sYBKcjP.jpg"}}, {"model": "menu.menuitem", "pk": 3, "fields": {"category": 1, "name": "Valtellina", "description": "Did you know: Valtellina is a valley in Lombardy. The vegan beef on this pizza of the same name is supposed to be like bresaola, which is this mingin' meat stuff that Valtellina is known for. Valtellina pizzas typically have bresaola on them, hence the name.", "ingredients": "Vegan beef, arugala, pine nuts, cherry tomatoes, mushrooms", "calories": "265kcal, 1108kJ", "has_sizes": true, "price": "10.00", "image_url": "https://i.imgur.com/A1twNlz.jpg", "image": "valtellina_-_Copy_ILGJfdb.jpg", "full_image_url": "https://imgur.com/Pew903A", "full_image": "valtellina-full_8r4d7hB.jpg"}}, {"model": "menu.menuitem", "pk": 4, "fields": {"category": 1, "name": "Pugliese", "description": "The name \"pugliese\" is derived from the name of the region in Italy known as Apulia (Puglia in Italian). Very beautiful place. And you know how Italy looks like a high heel boot? Well, Apulia is actually the heel, so if you're into that sort of thing, this is the pizza for you.", "ingredients": "Red pepper, red onion, olives, vegan parmesan", "calories": "235kcal, 983kJ", "has_sizes": true, "price": "10.00", "image_url": "https://imgur.com/xKee7qN", "image": "pugliese_JTuWxnw.jpg", "full_image_url": "https://imgur.com/S3JcXOQ", "full_image": "pugliese-full_oOySX7l.jpg"}}, {"model": "menu.menuitem", "pk": 5, "fields": {"category": 1, "name": "Boscaiola", "description": "\"Boscaiola\" comes from the Italian word for a woodsman. I guess woodsmen collect mushrooms in forests and then smoke meat on wood-fires or something? Sounds like a snooze-fest, just like this pizza was until we dropped some artichoke and parsley on top of it. Only WE can prevent mediocre pizza.", "ingredients": "Vegan sausage, mushrooms, artichoke, parlsey", "calories": "259kcal, 1084kJ", "has_sizes": true, "price": "10.00", "image_url": "https://imgur.com/o4o4Tu8", "image": "boscaiola_nprQO4d.jpg", "full_image_url": "https://imgur.com/GJKhu8z", "full_image": "boscaiola_full_bjk5fDv.jpg"}}, {"model": "menu.menuitem", "pk": 6, "fields": {"category": 1, "name": "Capricciosa", "description": "Capricciosa means \"capricious\", a word which is sort of synonymous with \"unpredictable\". Think weather changing suddenly and unexpectedly several times in one day. How can a pizza behave in this way, you ask? Our waiters regularly do a sweep of all the tables for capricciosas whose toppings need to be swapped out with other ones. Enjoy... while you can.", "ingredients": "Vegan ham, mushroom, olives, artichoke", "calories": "231kcal, 966kJ", "has_sizes": true, "price": "10.00", "image_url": "https://imgur.com/t5rLZYC", "image": "capricciosa_dSGIb9K.jpg", "full_image_url": "https://imgur.com/tdrCvsN", "full_image": "capricciosa-full_v0Qprut.jpg"}}, {"model": "menu.menuitem", "pk": 7, "fields": {"category": 1, "name": "Quattro Formaggi", "description": "Not uno formaggi, not due formaggi, not even tre formaggi, but QUATTRO formaggi. That's ALL the formaggis. Truly our smelliest pizza (in a good way, of course).", "ingredients": "Four varieties of vegan cheese, watercress", "calories": "260kcal, 1087kJ", "has_sizes": true, "price": "10.00", "image_url": "https://i.imgur.com/hZ6j4Sl.jpg", "image": "quattro-formaggi_1Ui9mWn.jpg", "full_image_url": "https://imgur.com/oM8QlJh", "full_image": "quattro-formaggi-full_D9ynU9j.jpg"}}, {"model": "menu.menuitem", "pk": 8, "fields": {"category": 1, "name": "Vegetariana", "description": "This pizza's name needs no explanation. It's the word \"vegetarian\" with the letter a on the end, just like pizza is the word pizz with the letter a on the end. This particular vegetarian pizz can also be enjoyed by vegans.", "ingredients": "Broccoli, peppers, sweetcorn, tomatoes, mushrooms", "calories": "219kcal, 916kJ", "has_sizes": true, "price": "10.00", "image_url": "https://imgur.com/IFaf44w", "image": "vegetariana_RLMnLrj.jpg", "full_image_url": "https://imgur.com/Yor2hXS", "full_image": "vegetariana-full_EKeAKmO.jpg"}}, {"model": "menu.menuitem", "pk": 9, "fields": {"category": 2, "name": "Bruschetta", "description": "The word \"Bruschetta\" is derived from the Roman word \"bruscare\", which means to toast, or to roast over coals. Incidentally, \"bruscar\" also happens to be the Irish word for rubbish, as in waste or refuse. \r\n\r\nOne of our chefs thinks these descriptions are hurting our sales, but he doesn't know what he's talking about.", "ingredients": "Ciabatta bread, garlic, tomato, vegan buffalo mozzarella, fresh basil, black pepper, olive oil", "calories": "110kcal, 460kJ", "has_sizes": false, "price": "4.00", "image_url": "https://imgur.com/i2neg6S", "image": "bruschetta_IEN97Nu.jpg", "full_image_url": "https://imgur.com/lFUaKmc", "full_image": "bruschetta-full_663NvIg.jpg"}}, {"model": "menu.menuitem", "pk": 10, "fields": {"category": 2, "name": "Calzone", "description": "The word \"Calzone\" translates to stocking, and is the namesake of this side dish, which is a kind of folded pizza slice filled with cheese and sauce. I've just had an amazing idea for a prank I could pull on Christmas this year...", "ingredients": "Vegan ricotta, tomato sauce, vegan pepperoni", "calories": "153kcal, 640kJ", "has_sizes": false, "price": "4.00", "image_url": "https://imgur.com/OklgynC", "image": "calzone_X6Awzq1.png", "full_image_url": "https://imgur.com/5Iyyum2", "full_image": "calzone-full_Abt6IZQ.png"}}, {"model": "menu.menuitem", "pk": 11, "fields": {"category": 2, "name": "Caprese salad", "description": "This salad is named after the island of Capri, and is possibly supposed to look like the Italian flag. We also read something about it being served to visiting royalty and statesmen. However, we are happy to announce that we have seized the Caprese and returned it to the dinner tables of the common man.", "ingredients": "Vegan buffalo mozzarella, beef tomatoes, cherry tomatoes, fresh basil, black pepper, olive oil", "calories": "137kcal, 530kJ", "has_sizes": false, "price": "4.00", "image_url": "https://imgur.com/UUbuobO", "image": "caprese-salad_HnKb14W.jpg", "full_image_url": "https://imgur.com/AZrzNKx", "full_image": "caprese-salad-full_Sr1o2yd.jpg"}}, {"model": "menu.menuitem", "pk": 12, "fields": {"category": 2, "name": "Garlic bread", "description": "The memes were all true.", "ingredients": "Garlic, vegan butter, parsley, thyme", "calories": "121kcal, 506kJ", "has_sizes": false, "price": "3.00", "image_url": "https://imgur.com/ca6A7m0", "image": "garlic-bread_vwjilyE.jpg", "full_image_url": "https://imgur.com/uf553Za", "full_image": "garlic-bread-full_ybmGDG4.jpg"}}, {"model": "menu.menuitem", "pk": 13, "fields": {"category": 2, "name": "Garlic pizza bread", "description": "Yes, you read that right. The two best things have indeed been combined. Has science gone too far?", "ingredients": "Garlic, vegan butter, parsley, thyme", "calories": "125kcal, 523kJ", "has_sizes": false, "price": "3.00", "image_url": "https://imgur.com/LXE40fY", "image": "garlic-pizza-bread_epY1c8i.jpg", "full_image_url": "https://imgur.com/YuGLOI9", "full_image": "garlic-pizza-bread-full_darJVl9.jpg"}}, {"model": "menu.menuitem", "pk": 14, "fields": {"category": 2, "name": "Garlic pizza dough balls", "description": "Okay, we made another garlic bread thing. This one is a bit like the garlic pizza bread, but the pizza dough is rolled up into balls. We know, we're not selling it very well, but where could we possibly go after garlic pizza bread? Our best work is already behind us, and by us we mean humanity.", "ingredients": "Pizza dough, garlic, parsley", "calories": "94kcal, 393kJ", "has_sizes": false, "price": "3.00", "image_url": "https://imgur.com/OV1dICd", "image": "garlic-pizza-dough-balls_70nssK1.jpg", "full_image_url": "https://imgur.com/aDFNDJm", "full_image": "garlic-pizza-dough-balls-full_5QK9vZc.jpg"}}, {"model": "menu.menuitem", "pk": 15, "fields": {"category": 2, "name": "Margherita al taglio", "description": "\"al taglio\" means \"by the cut\" - \"cut\" in this case meaning a cut or slice of something. In other words, this is a slice of cheese pizza, but when your menu includes something called the \"Diavola\", a name like \"slice of cheese pizza\" doesn't really cut it - *ahem* doesn't really taglio it. Fun fact: Not one of the people working in this restaurant is able to speak Italian.", "ingredients": "Vegan cheese, tomato sauce, oregano, dry basil", "calories": "123kcal, 514kJ", "has_sizes": false, "price": "4.00", "image_url": "https://imgur.com/BmChCkp", "image": "margherita-al-taglio_F2eysTh.jpg", "full_image_url": "https://imgur.com/v9eDcRO", "full_image": "margherita-al-taglio-full_RgSa7NA.jpg"}}, {"model": "menu.review", "pk": 12, "fields": {"menu_item": 2, "poster": 4, "review": "These guys have no pizza experience, and they're not in the pizza category. Stay tuned folks, the day of reckoning will come... -Papa John", "created_on": "2023-06-18T13:47:01.138Z", "rating": 1}}, {"model": "menu.review", "pk": 13, "fields": {"menu_item": 2, "poster": 4, "review": "Brought a girl here on a date, and one of the good-looking waiters made me look like a chump. Fairly sure I saw him trading numbers with her when I came back from the loo. Pizza was fine though, I suppose.", "created_on": "2023-06-18T13:47:20.245Z", "rating": 1}}, {"model": "menu.review", "pk": 14, "fields": {"menu_item": 2, "poster": 4, "review": "I enjoyed it at the time, but it's now 24 hours later and I think I'm going to die on the toilet. What do they make that pepperoni out of anyway?", "created_on": "2023-06-18T13:47:39.551Z", "rating": 2}}, {"model": "menu.review", "pk": 15, "fields": {"menu_item": 2, "poster": 4, "review": "Not as good as the Valtellina, but still amazing. Stay away if you can't handle hot stuff though! Gave me a run for my money!", "created_on": "2023-06-18T13:47:53.557Z", "rating": 4}}, {"model": "menu.review", "pk": 16, "fields": {"menu_item": 2, "poster": 4, "review": "I usually get the Valtellina, but I'm getting into spicy stuff, so I tried this. Very nice, but I think I jumped in at the deep end!", "created_on": "2023-06-18T13:48:09.244Z", "rating": 3}}, {"model": "menu.review", "pk": 17, "fields": {"menu_item": 2, "poster": 4, "review": "Another winner! Blew my absolute ***s off, but the flavours more than made up for it!", "created_on": "2023-06-18T13:48:23.577Z", "rating": 5}}, {"model": "menu.review", "pk": 18, "fields": {"menu_item": 2, "poster": 4, "review": "Vegans pushing their vegan agenda down our throats as usual.", "created_on": "2023-06-18T13:48:35.919Z", "rating": 1}}, {"model": "menu.review", "pk": 19, "fields": {"menu_item": 2, "poster": 4, "review": "Absolutely delicious! But I could've fit a little bit more in despite ordering the biggest size...", "created_on": "2023-06-18T13:48:49.003Z", "rating": 4}}, {"model": "menu.review", "pk": 20, "fields": {"menu_item": 2, "poster": 4, "review": "Pretty tasty, but not as spicy as they let on.", "created_on": "2023-06-18T13:48:59.838Z", "rating": 3}}, {"model": "menu.review", "pk": 21, "fields": {"menu_item": 2, "poster": 4, "review": "Too hot for me... I asked them to go easy on the 'penos...", "created_on": "2023-06-18T13:49:09.052Z", "rating": 2}}, {"model": "menu.review", "pk": 22, "fields": {"menu_item": 2, "poster": 4, "review": "Now that's a spicy meatball!", "created_on": "2023-06-18T13:49:19.701Z", "rating": 5}}, {"model": "menu.review", "pk": 23, "fields": {"menu_item": 3, "poster": 4, "review": "Delicious!", "created_on": "2023-06-18T18:20:55.790Z", "rating": 5}}, {"model": "checkout.order", "pk": 1, "fields": {"order_number": "5818071DFA9E4C4C80317D8837176CF7", "user_profile": null, "full_name": "Chris Plumb", "email": "chrislplumb91@hotmail.com", "phone_number": "0894767448", "country": "IE", "postcode": "A67 F436", "town_or_city": "Ashford", "street_address1": "1 Mount Usher Court", "street_address2": null, "county": "Wicklow", "date": "2023-06-08T23:20:32.791Z", "delivery_cost": "1.00", "order_total": "10.00", "grand_total": "11.00", "original_bag": "", "stripe_pid": "pi_3NGs7NLVdvYPNetK1jyfuqp5"}}, {"model": "checkout.order", "pk": 2, "fields": {"order_number": "A368FEC677C4415BA8FF8704C56A4372", "user_profile": null, "full_name": "Chris Plumb", "email": "chrislplumb91@hotmail.com", "phone_number": "0894767448", "country": "IE", "postcode": "A67 F436", "town_or_city": "Ashford", "street_address1": "1 Mount Usher Court", "street_address2": null, "county": "Wicklow", "date": "2023-06-12T21:32:32.758Z", "delivery_cost": "0.00", "order_total": "100.00", "grand_total": "100.00", "original_bag": "", "stripe_pid": "pi_3NIILQLVdvYPNetK0Xmz0odo"}}, {"model": "checkout.order", "pk": 3, "fields": {"order_number": "043F385CD1F941C5AA54A9B8F2916603", "user_profile": null, "full_name": "Chris Plumb", "email": "chrislplumb91@hotmail.com", "phone_number": "0894767448", "country": "IE", "postcode": "A67 F436", "town_or_city": "Ashford", "street_address1": "1 Mount Usher Court", "street_address2": null, "county": "Wicklow", "date": "2023-06-12T21:34:48.983Z", "delivery_cost": "1.00", "order_total": "10.00", "grand_total": "11.00", "original_bag": "", "stripe_pid": "pi_3NIINgLVdvYPNetK0qIUpyBy"}}, {"model": "checkout.order", "pk": 4, "fields": {"order_number": "7E7A18FB9C60433083AD64F812CF156E", "user_profile": null, "full_name": "Chris Plumb", "email": "chrislplumb91@hotmail.com", "phone_number": "0894767448", "country": "IE", "postcode": "A67 F436", "town_or_city": "Ashford", "street_address1": "1 Mount Usher Court", "street_address2": null, "county": "Wicklow", "date": "2023-06-15T23:06:58.972Z", "delivery_cost": "2.00", "order_total": "20.00", "grand_total": "22.00", "original_bag": "", "stripe_pid": "pi_3NJPFXLVdvYPNetK0NHjzUxn"}}, {"model": "checkout.order", "pk": 5, "fields": {"order_number": "E479865E691B44D282470385684EA4E6", "user_profile": null, "full_name": "Chris Plumb", "email": "chrislplumb91@hotmail.com", "phone_number": "0894767448", "country": "IE", "postcode": "A67 F436", "town_or_city": "Ashford", "street_address1": "1 Mount Usher Court", "street_address2": null, "county": "Wicklow", "date": "2023-06-15T23:08:32.922Z", "delivery_cost": "2.00", "order_total": "20.00", "grand_total": "22.00", "original_bag": "", "stripe_pid": "pi_3NJPH5LVdvYPNetK1Yc7lMXN"}}, {"model": "checkout.order", "pk": 6, "fields": {"order_number": "4CCE138B14AC4BA1AE23F2F6417F7F4B", "user_profile": null, "full_name": "Chris Plumb", "email": "chrislplumb91@hotmail.com", "phone_number": "0894767448", "country": "IE", "postcode": "A67 F436", "town_or_city": "Ashford", "street_address1": "1 Mount Usher Court", "street_address2": null, "county": "Wicklow", "date": "2023-06-18T13:22:22.641Z", "delivery_cost": "2.00", "order_total": "20.00", "grand_total": "22.00", "original_bag": "", "stripe_pid": "pi_3NKLVLLVdvYPNetK1CnuzPbw"}}, {"model": "checkout.order", "pk": 7, "fields": {"order_number": "9DA36FC7A2BB402D8A1B48733B4CE445", "user_profile": 4, "full_name": "Chris Plumb", "email": "chrislplumb91@hotmail.com", "phone_number": "089 4767 448", "country": "IE", "postcode": "A67 F436", "town_or_city": "Ashford", "street_address1": "1 Mount Usher Court", "street_address2": null, "county": "Wicklow", "date": "2023-06-18T13:52:36.212Z", "delivery_cost": "3.80", "order_total": "38.00", "grand_total": "41.80", "original_bag": "", "stripe_pid": "pi_3NKM1MLVdvYPNetK0MDAjc9g"}}, {"model": "checkout.order", "pk": 8, "fields": {"order_number": "61E7E4A8A6164038AA0403F9517F778B", "user_profile": null, "full_name": "Chris Plumb", "email": "chrislplumb91@hotmail.com", "phone_number": "089 476 7448", "country": "IE", "postcode": "A67 F436", "town_or_city": "Ashford", "street_address1": "1 Mount Usher Court", "street_address2": null, "county": "Wicklow", "date": "2023-06-18T17:34:38.750Z", "delivery_cost": "1.00", "order_total": "10.00", "grand_total": "11.00", "original_bag": "", "stripe_pid": "pi_3NKPTULVdvYPNetK0m0G067R"}}, {"model": "checkout.order", "pk": 9, "fields": {"order_number": "6A0EEDFCE80E4141B759A63EB863B52C", "user_profile": 4, "full_name": "Chris Plumb", "email": "chrislplumb91@hotmail.com", "phone_number": "089 4767 448", "country": "IE", "postcode": "A67 F436", "town_or_city": "Ashford", "street_address1": "1 Mount Usher Court", "street_address2": null, "county": "Wicklow", "date": "2023-06-18T18:22:57.081Z", "delivery_cost": "2.00", "order_total": "20.00", "grand_total": "22.00", "original_bag": "", "stripe_pid": "pi_3NKQFJLVdvYPNetK1CXQeOZo"}}, {"model": "checkout.order", "pk": 10, "fields": {"order_number": "81DA71E1A4DA4963B86A441A48E98FE1", "user_profile": 5, "full_name": "Chris Plumn", "email": "test@example.com", "phone_number": "089 476 4779", "country": "IE", "postcode": "A67 F436", "town_or_city": "Ashford", "street_address1": "1 Mount Usher Court", "street_address2": null, "county": "Wicklow", "date": "2023-06-19T01:42:17.826Z", "delivery_cost": "1.30", "order_total": "13.00", "grand_total": "14.30", "original_bag": "", "stripe_pid": "pi_3NKX60LVdvYPNetK11xH751q"}}, {"model": "checkout.order", "pk": 11, "fields": {"order_number": "2DDA42C5BB134C2796736D5AE4A407EB", "user_profile": null, "full_name": "Chris Plumb", "email": "chrislplumb91@hotmail.com", "phone_number": "0894767448", "country": "IE", "postcode": "A67 F436", "town_or_city": "Ashford", "street_address1": "1 Mount Usher Court", "street_address2": null, "county": "Wicklow", "date": "2023-06-19T18:44:59.762Z", "delivery_cost": "1.00", "order_total": "10.00", "grand_total": "11.00", "original_bag": "", "stripe_pid": "pi_3NKmjcLVdvYPNetK1tGXNPrx"}}, {"model": "checkout.order", "pk": 12, "fields": {"order_number": "26055DDA7AF44F5F857329AAC5E1C078", "user_profile": null, "full_name": "Chris Plumb", "email": "chrislplumb91@hotmail.com", "phone_number": "089 476 7448", "country": "IE", "postcode": "A67 F436", "town_or_city": "Ashford", "street_address1": "1 Mount Usher Court", "street_address2": null, "county": "Wicklow", "date": "2023-06-19T22:59:11.764Z", "delivery_cost": "1.00", "order_total": "10.00", "grand_total": "11.00", "original_bag": "", "stripe_pid": "pi_3NKqxOLVdvYPNetK1TYlFmPp"}}, {"model": "checkout.order", "pk": 13, "fields": {"order_number": "443E1D2FA05346F4A36A9D63454864FD", "user_profile": 4, "full_name": "Chris Plumb", "email": "chrislplumb91@hotmail.com", "phone_number": "089 4767 448", "country": "IE", "postcode": "A67 F436", "town_or_city": "Ashford", "street_address1": "1 Mount Usher Court", "street_address2": null, "county": "Wicklow", "date": "2023-06-19T23:22:11.231Z", "delivery_cost": "1.00", "order_total": "10.00", "grand_total": "11.00", "original_bag": "", "stripe_pid": "pi_3NKrMbLVdvYPNetK1Q2y8NMc"}}, {"model": "checkout.order", "pk": 14, "fields": {"order_number": "F3FA3DE76EE74E0D8D018128A6FD12C2", "user_profile": 4, "full_name": "Chris Plumb", "email": "test@email.com", "phone_number": "089 476 7448", "country": "IE", "postcode": "", "town_or_city": "Ashford", "street_address1": "1 Mount Usher Court", "street_address2": null, "county": null, "date": "2023-06-20T16:48:07.597Z", "delivery_cost": "1.00", "order_total": "10.00", "grand_total": "11.00", "original_bag": "", "stripe_pid": "pi_3NL7dZLVdvYPNetK0PuKjo0s"}}, {"model": "checkout.order", "pk": 15, "fields": {"order_number": "520D69D78882487FBD208384754AEBDF", "user_profile": 4, "full_name": "Chris Plumb", "email": "chrislplumb91@hotmail.com", "phone_number": "089 476 7448", "country": "IE", "postcode": "A67 F436", "town_or_city": "Ashford", "street_address1": "1 Mount Usher Court", "street_address2": null, "county": "Wicklow", "date": "2023-06-21T18:47:36.901Z", "delivery_cost": "1.00", "order_total": "10.00", "grand_total": "11.00", "original_bag": "", "stripe_pid": "pi_3NLW1bLVdvYPNetK1dndr6QA"}}, {"model": "checkout.order", "pk": 16, "fields": {"order_number": "C304E02ABDA44E2FA2E88265016876B9", "user_profile": 4, "full_name": "Chris Plumb", "email": "chrislplumb91@hotmail.com", "phone_number": "089 476 7448", "country": "IE", "postcode": "A67 F436", "town_or_city": "Ashford", "street_address1": "1 Mount Usher Court", "street_address2": null, "county": "Wicklow", "date": "2023-06-22T19:15:48.865Z", "delivery_cost": "3.00", "order_total": "30.00", "grand_total": "33.00", "original_bag": "", "stripe_pid": "pi_3NLsyMLVdvYPNetK06mvScTt"}}, {"model": "checkout.order", "pk": 17, "fields": {"order_number": "8FF4431EE03142BCB320DC4E67C7A88F", "user_profile": 4, "full_name": "Chris Plumb", "email": "chrislplumb91@hotmail.com", "phone_number": "089 476 7448", "country": "IE", "postcode": "A67 F436", "town_or_city": "Ashford", "street_address1": "1 Mount Usher Court", "street_address2": null, "county": "Wicklow", "date": "2023-06-22T19:18:45.376Z", "delivery_cost": "1.00", "order_total": "10.00", "grand_total": "11.00", "original_bag": "", "stripe_pid": "pi_3NLt1YLVdvYPNetK1aAD0B2o"}}, {"model": "checkout.orderlineitem", "pk": 1, "fields": {"order": 1, "menu_item": 4, "menu_item_size": "10", "quantity": 1, "lineitem_total": "10.00"}}, {"model": "checkout.orderlineitem", "pk": 2, "fields": {"order": 2, "menu_item": 4, "menu_item_size": "10", "quantity": 8, "lineitem_total": "80.00"}}, {"model": "checkout.orderlineitem", "pk": 3, "fields": {"order": 2, "menu_item": 2, "menu_item_size": "10", "quantity": 2, "lineitem_total": "20.00"}}, {"model": "checkout.orderlineitem", "pk": 4, "fields": {"order": 3, "menu_item": 1, "menu_item_size": "10", "quantity": 1, "lineitem_total": "10.00"}}, {"model": "checkout.orderlineitem", "pk": 5, "fields": {"order": 4, "menu_item": 3, "menu_item_size": "10", "quantity": 1, "lineitem_total": "10.00"}}, {"model": "checkout.orderlineitem", "pk": 6, "fields": {"order": 4, "menu_item": 3, "menu_item_size": "12", "quantity": 1, "lineitem_total": "10.00"}}, {"model": "checkout.orderlineitem", "pk": 7, "fields": {"order": 5, "menu_item": 3, "menu_item_size": "10", "quantity": 1, "lineitem_total": "10.00"}}, {"model": "checkout.orderlineitem", "pk": 8, "fields": {"order": 5, "menu_item": 3, "menu_item_size": "12", "quantity": 1, "lineitem_total": "10.00"}}, {"model": "checkout.orderlineitem", "pk": 9, "fields": {"order": 6, "menu_item": 3, "menu_item_size": "10", "quantity": 1, "lineitem_total": "10.00"}}, {"model": "checkout.orderlineitem", "pk": 10, "fields": {"order": 6, "menu_item": 3, "menu_item_size": "12", "quantity": 1, "lineitem_total": "10.00"}}, {"model": "checkout.orderlineitem", "pk": 11, "fields": {"order": 7, "menu_item": 3, "menu_item_size": "10", "quantity": 2, "lineitem_total": "20.00"}}, {"model": "checkout.orderlineitem", "pk": 12, "fields": {"order": 7, "menu_item": 2, "menu_item_size": "14", "quantity": 1, "lineitem_total": "10.00"}}, {"model": "checkout.orderlineitem", "pk": 13, "fields": {"order": 7, "menu_item": 9, "menu_item_size": "", "quantity": 2, "lineitem_total": "8.00"}}, {"model": "checkout.orderlineitem", "pk": 14, "fields": {"order": 8, "menu_item": 2, "menu_item_size": "10", "quantity": 1, "lineitem_total": "10.00"}}, {"model": "checkout.orderlineitem", "pk": 15, "fields": {"order": 9, "menu_item": 2, "menu_item_size": "10", "quantity": 1, "lineitem_total": "10.00"}}, {"model": "checkout.orderlineitem", "pk": 16, "fields": {"order": 9, "menu_item": 3, "menu_item_size": "10", "quantity": 1, "lineitem_total": "10.00"}}, {"model": "checkout.orderlineitem", "pk": 17, "fields": {"order": 10, "menu_item": 12, "menu_item_size": "", "quantity": 1, "lineitem_total": "3.00"}}, {"model": "checkout.orderlineitem", "pk": 18, "fields": {"order": 10, "menu_item": 4, "menu_item_size": "10", "quantity": 1, "lineitem_total": "10.00"}}, {"model": "checkout.orderlineitem", "pk": 19, "fields": {"order": 11, "menu_item": 3, "menu_item_size": "10", "quantity": 1, "lineitem_total": "10.00"}}, {"model": "checkout.orderlineitem", "pk": 20, "fields": {"order": 12, "menu_item": 2, "menu_item_size": "10", "quantity": 1, "lineitem_total": "10.00"}}, {"model": "checkout.orderlineitem", "pk": 21, "fields": {"order": 13, "menu_item": 2, "menu_item_size": "10", "quantity": 1, "lineitem_total": "10.00"}}, {"model": "checkout.orderlineitem", "pk": 22, "fields": {"order": 14, "menu_item": 2, "menu_item_size": "10", "quantity": 1, "lineitem_total": "10.00"}}, {"model": "checkout.orderlineitem", "pk": 23, "fields": {"order": 15, "menu_item": 7, "menu_item_size": "10", "quantity": 1, "lineitem_total": "10.00"}}, {"model": "checkout.orderlineitem", "pk": 24, "fields": {"order": 16, "menu_item": 3, "menu_item_size": "10", "quantity": 2, "lineitem_total": "20.00"}}, {"model": "checkout.orderlineitem", "pk": 25, "fields": {"order": 16, "menu_item": 3, "menu_item_size": "12", "quantity": 1, "lineitem_total": "10.00"}}, {"model": "checkout.orderlineitem", "pk": 26, "fields": {"order": 17, "menu_item": 3, "menu_item_size": "10", "quantity": 1, "lineitem_total": "10.00"}}, {"model": "profiles.userprofile", "pk": 4, "fields": {"user": 4, "default_phone_number": "089 476 7448", "default_street_address1": "1 Mount Usher Court", "default_street_address2": null, "default_town_or_city": "Ashford", "default_county": "Wicklow", "default_postcode": "A67 F436", "default_country": "IE", "favourite_menu_item": 2}}, {"model": "profiles.userprofile", "pk": 5, "fields": {"user": 5, "default_phone_number": "089 476 4779", "default_street_address1": "1 Mount Usher Court", "default_street_address2": null, "default_town_or_city": "Ashford", "default_county": "Wicklow", "default_postcode": "A67 F436", "default_country": "IE", "favourite_menu_item": null}}, {"model": "profiles.userprofile", "pk": 6, "fields": {"user": 6, "default_phone_number": null, "default_street_address1": null, "default_street_address2": null, "default_town_or_city": null, "default_county": null, "default_postcode": null, "default_country": null, "favourite_menu_item": null}}, {"model": "profiles.userprofile", "pk": 7, "fields": {"user": 7, "default_phone_number": null, "default_street_address1": null, "default_street_address2": null, "default_town_or_city": null, "default_county": null, "default_postcode": null, "default_country": null, "favourite_menu_item": null}}, {"model": "profiles.userprofile", "pk": 8, "fields": {"user": 8, "default_phone_number": null, "default_street_address1": null, "default_street_address2": null, "default_town_or_city": null, "default_county": null, "default_postcode": null, "default_country": null, "favourite_menu_item": null}}, {"model": "profiles.userprofile", "pk": 9, "fields": {"user": 9, "default_phone_number": null, "default_street_address1": null, "default_street_address2": null, "default_town_or_city": null, "default_county": null, "default_postcode": null, "default_country": null, "favourite_menu_item": null}}]